title,description,source,url,publishedAt
"The CW Will Become Profitable In 2026, Nexstar Reaffirms, With 40% Of Its Programming Now Sports","The CW will start turning a profit in 2026, majority owner Nexstar Media Group reaffirmed, thanks in large part to a push into live sports. “During 2025, we will reset affiliation agreements representing more than two-thirds of The CW’s subscriber base,” Nexs…",Deadline,http://deadline.com/2025/02/the-cw-broadcast-tv-network-profit-2026-nexstar-sports-1236303664/,2025-02-27T15:43:33Z
What's Going On With Broadcom (AVGO) Stock?,"Broadcom Inc (NASDAQ:AVGO) shares are trading lower by 1.27% to $210.23 during Thursday’s session due to a confluence of factors, including Nvidia's strong earnings and its own advancements in AI infrastructure.
What To Know: Nvidia's record-breaking fourth-q…",Biztoc.com,https://biztoc.com/x/f2a16105fb55ba74,2025-02-27T15:40:48Z
Why Is Ad Giant WPP Stock Falling Today?,"WPP PLC (NYSE:WPP) shares are trading lower on Thursday after the company reported fourth-quarter and 2024 preliminary results.
Revenue for the year was 14.74 billion British pounds ($18.8 billion) compared to 14.85 billion British pounds in 2023.
Revenue dec…",Biztoc.com,https://biztoc.com/x/075660c62752acdd,2025-02-27T15:40:35Z
"Liquidity management, a tightrope walk",Letting the currency depreciate would have evened out liquidity. But currency intervention has led to return of daily liquidity operations,BusinessLine,https://www.thehindubusinessline.com/opinion/liquidity-management-a-tightrope-walk/article69271652.ece,2025-02-27T15:37:13Z
WK Kellogg TP Raised On News Of Potential Acquisition By Ferrero,"On February 11, 2025, WK Kellogg reported mixed 4Q24 results, beating the consensus EPS but slightly missing the consensus revenue estimate.",Forbes,https://www.forbes.com/sites/joecornell/2025/02/27/wk-kellogg-tp-raised-on-news-of-potential-acquisition-by-ferrero/,2025-02-27T15:32:33Z
Thai Noodle Soup with Chicken Meatballs,"OMG. It’s 100% still soup season and this one is going to knock you straight to the floor. It’s rich, it’s slurpy, it’s decadent, it’s comforting, it’s easy. You shall sing its praises, I tell you! We’ll make some meatballs. Some herby, garlicky, gingery chic…",Bevcooks.com,https://bevcooks.com/2025/02/thai-noodle-soup-with-chicken-meatballs/,2025-02-27T15:32:23Z
Shedeur Sanders' draft hype fades after 'not a great athlete' verdict from an NFL scout,"The 2025 NFL Scouting Combine is right around the corner, kicking off February 27 in Indianapolis, and all eyes are on Colorado quarterback Shedeur Sanders -well, almost. The buzz",Marca,https://www.marca.com/en/nfl/2025/02/27/67c0854922601de9678b4586.html,2025-02-27T15:31:48Z
Nvidia stock dips as earnings beat has investors 'yawning',"In This Article:
Nvidia (NVDA) stock fell 2% in early trading Thursday after the company's fourth quarter earnings topped Wall Street's expectations but its outlook for first quarter gross margin came in lower than estimates.
Nvidia guided for a gross margin …",Biztoc.com,https://biztoc.com/x/cce48c972c19564f,2025-02-27T15:30:12Z
Nasdaq Loses Early Gains as Nvidia Turns Lower,"Updated 19 min ago
Nasdaq Loses Early Gains as Nvidia Turns Lower
The stock market is bouncing around with Nvidia shares.
The tech-heavy Nasdaq Composite dropped 1% after opening up about 0.8%. The S&P 500 was down 0.4%. The Dow was still up 122 points, or 0.…",Biztoc.com,https://biztoc.com/x/5fb2d6b0330ae271,2025-02-27T15:30:04Z
"Home Depot, Lowe’s notch comp gains in Q4","While the sector may be on the mend, higher interest rates and potential tariff challenges continue to pressure the market.",Retail Dive,https://www.retaildive.com/news/lowes-home-depot-fourth-quarter-comp-sales-increase/741008/,2025-02-27T15:30:00Z
Gene Hackman found dead; egg prices could jump another 41% | Hot off the Wire podcast," Get the latest national, international, sports and entertainment news on our daily podcast.",Roanoke Times,https://roanoke.com/news/nation-world/article_e20d5f15-1f53-5222-8dfe-a6776c0dcec7.html,2025-02-27T15:30:00Z
Stock of the Day: Snowflake surges 12% as new AI products spur sales beat,The software firm beat earnings and gave strong guidance that played up new AI tools for customers. It's outlook for product revenue beat estimates.,Business Insider,https://markets.businessinsider.com/news/stocks/snowflake-stock-price-q4-earnings-ai-software-tech-stocks-snow-2025-2,2025-02-27T15:29:58Z
$100 Invested In This Stock 15 Years Ago Would Be Worth This Much Today,"ASML Holding (NASDAQ:ASML) has outperformed the market over the past 15 years by 9.03% on an annualized basis producing an average annual return of 20.61%. Currently, ASML Holding has a market capitalization of $292.07 billion. 
Buying $100 In ASML: If ...
Fu…",Biztoc.com,https://biztoc.com/x/c8ac3948ad08ed2d,2025-02-27T15:29:55Z
What's Going On With MARA Stock Thursday?,"MARA Holdings, Inc. (NASDAQ:MARA) shares are moving higher on Thursday after the company reported better-than-expected 2024 fiscal-year fourth-quarter earnings on Wednesday after the market closed. 
What To Know: The company reported adjusted earnings per sha…",Biztoc.com,https://biztoc.com/x/0128f70cf66b2025,2025-02-27T15:29:49Z
"Trump's Plan For Canada, Mexico, China Tariffs To Start March 4 Could Shake Stock Market","President Donald Trump's plan to place tariffs on Mexico and Canada and a higher tariff on China will take place on March 4, a move that could impact multiple sectors and cause worry for American consumers.
What Happened: Trump's proposed tariffs on Canada an…",Biztoc.com,https://biztoc.com/x/3cd84cceb5325435,2025-02-27T15:29:46Z
Ahead of Market: 10 things that will decide stock market action on Friday,"Indian markets closed flat on Thursday as gains in financial stocks balanced auto sector losses. Nifty remained range-bound amid derivative expiry, while global uncertainties weighed on sentiment. Analysts cite RBI’s lending norm relaxation and US tariff conc…",The Times of India,https://economictimes.indiatimes.com/markets/stocks/news/ahead-of-market-10-things-that-will-decide-stock-market-action-on-friday/articleshow/118608077.cms,2025-02-27T15:27:50Z
Nordstrom stops accepting checks as a form of payment,"The move comes as other big retailers, including Target, have stopped accepting checks as a form of payment.",NBC Chicago,https://www.nbcchicago.com/news/business/nordstrom-no-longer-accepts-personal-checks-as-form-of-payment/3683608/,2025-02-27T15:23:50Z
Pokémon Center Mega Plush Are Back,Get'em before they're gone,GoNintendo,https://gonintendo.com/contents/45879-pokemon-center-mega-plush-are-back,2025-02-27T15:22:00Z
Trump says US will impose additional 10% tariff on China,"He also said he would move ahead with 25% tariffs on imports from Mexico and Canada, which had been suspended.",BBC News,https://www.bbc.com/news/articles/ce8yy3wpn6eo,2025-02-27T15:19:05Z
Stock market stronger at open but Nvidia slips after earnings show cracks,"U.S. stocks ticked higher at the opening after strong, though not stellar, quarterly results from semiconductor darling Nvidia. But President Donald Trump's tariff talk is limiting gains.
After Wednesday's market close, Nvidia said its results during the last…",Biztoc.com,https://biztoc.com/x/f5db8a2d2eaaf4c1,2025-02-27T15:18:48Z
Where Will Nvidia Stock Be in 10 Years?,"Nvidia (NVDA -3.67%) has been a huge winner on the stock market in the past decade, turning an investment of just $100 into nearly $25,000 as of this writing on account of the outstanding revenue and earnings growth that it has delivered during this period.
T…",Biztoc.com,https://biztoc.com/x/c8018478dbe12546,2025-02-27T15:18:46Z
"Trump says Canada, China and Mexico tariffs will take effect next week",President Donald Trump said Thursday that 25% tariffs on goods imported from Canada and Mexico would go into effect Tuesday.,NBC News,https://www.nbcnews.com/business/economy/trump-signals-canada-china-mexico-tariffs-take-effect-week-reciprocal-rcna193988,2025-02-27T15:18:31Z
Superman star Gene Hackman and his wife Betsy found dead in their New Mexico home - NewsBreak,Two-time Oscar winning actor and Superman star Gene Hackman was found dead with his wife Betsy Arakawa in their New Mexico home on Wednesday afternoon,Newsbreak.com,https://www.newsbreak.com/share/3831842505871-superman-star-gene-hackman-and-his-wife-betsy-found-dead-in-their-new-mexico-home?_f=app_share&amp;pd=02yc3rIX&amp;lang=en_US&amp;send_time=1740669367&amp;trans_data=%7B%22platform%22%3A0%2C%22cv%22%3A%2225.8.2.1%22%2C%22languages%22%3A%22en%22%7D&amp;sep=ns_foryou_blend_exp_25q1-v6%2Cns_foryou_model_exp_25q1-v4%2Cns_local_strategy_25q1_exp-v7%2Cns_foryou_recall_exp_25q1-v9%2Cns_push_exp_rt_bucketv12-v3%2Cns_foryou_rank_exp_25q1-v9&amp;s=i2,2025-02-27T15:17:46Z
6 Motorola Hello UI flaws that drive me batty,"Motorola's Hello UI seems smooth initially, but these hidden issues could be dealbreakers.",Android Police,https://www.androidpolice.com/motorola-hello-ui-flaws-frustrate-me/,2025-02-27T15:17:32Z
Social-media startups target a new set of investors: their users,"Social startups like Diem and Spill are offering community rounds via WeFunder, a platform where everyday people can invest in early-stage companies.",Business Insider,https://www.businessinsider.com/social-apps-diem-spill-are-tapping-users-as-investors-2025-2,2025-02-27T15:16:34Z
"Which 2024 breakouts were real? Garrett Crochet, Mark Vientos, Michael King, more look to double down in 2025",Were these standout seasons the start of something new or a blip on the radar?,CBS Sports,https://www.cbssports.com/mlb/news/which-2024-breakouts-were-real-garrett-crochet-mark-vientos-michael-king-more-look-to-double-down-in-2025/,2025-02-27T15:16:34Z
"Abdul Carter injury: Top NFL Draft prospect told surgery not advisable after further scans on foot, per report","Carter is No. 2 in CBS Sports' prospect rankings, behind only Colorado's Travis Hunter",CBS Sports,https://www.cbssports.com/nfl/news/abdul-carter-injury-top-nfl-draft-prospect-told-surgery-not-advisable-after-further-scans-on-foot-per-report/,2025-02-27T15:15:17Z
Where to stream all 10 best picture nominees before the 2025 Oscars,"Where to watch the 10 nominees for best picture before the 2025 Oscars on March 2. Stream Anora, The Brutalist, Wicked, A Complete Unknown, Dune Part 2, I'm Sitll Here",TODAY,https://www.today.com/popculture/awards/how-to-watch-best-picture-oscar-nominees-2025-rcna193983,2025-02-27T15:13:59Z
Abdul Carter injury: Which recent potential top-10 picks fell in draft due to significant injuries?,Carter isn't the first potential top-5 selection to fall due to injury,CBS Sports,https://www.cbssports.com/nfl/news/abdul-carter-injury-which-recent-potential-top-10-picks-fell-in-draft-due-to-significant-injuries/,2025-02-27T15:10:54Z
Throwback: Hewing with a Hatchet,"The how, where, and what of hatchet hewing",Finewoodworking.com,https://www.finewoodworking.com/2025/02/27/throwback-hewing-with-a-hatchet,2025-02-27T15:10:50Z
"Market Trading Guide: Shriram Finance, Cholamandalam Investment & Finance are stock recommendations for Friday","Indian headline indices ended flat on Thursday conceding its morning gains amid heavy selling in auto stocks while IT and FMCG added to the fall. While the Nifty fell for the seventh straight session, the 30-stock BSE Sensex closed mildly green. The former cl…",Economictimes.com,https://m.economictimes.com/markets/stocks/news/market-trading-guide-shriram-finance-cholamandalam-finance-are-stock-recommendations-for-friday/stock-ideas/slideshow/118607915.cms,2025-02-27T15:10:34Z
Insider Selling: Matthew J Meloy Unloads $9.53M Of Targa Resources Stock,"Making a noteworthy insider sell on February 26, Matthew J Meloy, Chief Executive Officer at Targa Resources (NYSE:TRGP), is reported in the latest SEC filing.
What Happened: After conducting a thorough analysis, Meloy sold 48,837 shares of Targa Resources. T…",Biztoc.com,https://biztoc.com/x/3b7c66eb90345696,2025-02-27T15:08:14Z
Insider Decision: Anatol Feygin Offloads $5.08M Worth Of Cheniere Energy Stock,"Anatol Feygin, EVP & Chief Commercial Officer at Cheniere Energy (NYSE:LNG), disclosed an insider sell on February 27, according to a recent SEC filing.
What Happened: After conducting a thorough analysis, Feygin sold 23,478 shares of Cheniere Energy. This in…",Biztoc.com,https://biztoc.com/x/434d1ad6e7cbb7bc,2025-02-27T15:08:06Z
Joseph Wm Foran Boosts Confidence With $103K Purchase Of Matador Resources Stock,"Disclosed in the latest SEC filing, a significant insider purchase on February 27, involves Joseph Wm Foran, Chairman and CEO at Matador Resources (NYSE:MTDR).
What Happened: Foran demonstrated confidence in Matador Resources by purchasing 2,000 shares, as re…",Biztoc.com,https://biztoc.com/x/7f02a9c0200c0a0b,2025-02-27T15:08:02Z
Eye On Growth: DONNA EPPS Adds $350K Of Texas Pacific Land Stock To Portfolio,"A new SEC filing reveals that DONNA EPPS, Board Member at Texas Pacific Land (NYSE:TPL), made a notable insider purchase on February 27,.
What Happened: In a recent Form 4 filing with the U.S. Securities and Exchange Commission on Thursday, EPPS increased the…",Biztoc.com,https://biztoc.com/x/0a6a33a4c5f59a51,2025-02-27T15:08:00Z
Matador Resources EVP Trades $52K In Company Stock,"On February 27, a substantial insider purchase was made by William Thomas Elsener, EVP at Matador Resources (NYSE:MTDR), as per the latest SEC filing.
What Happened: Elsener made a significant move by purchasing 1,000 shares of Matador Resources as reported i…",Biztoc.com,https://biztoc.com/x/828db2bde2ee9738,2025-02-27T15:07:58Z
Mueller Water Products Board Member Sold $221K In Company Stock,"A substantial insider sell was reported on February 27, by SHIRLEY FRANKLIN, Board Member at Mueller Water Products (NYSE:MWA), based on the recent SEC filing.
What Happened: FRANKLIN's recent Form 4 filing with the U.S. Securities and Exchange Commission on …",Biztoc.com,https://biztoc.com/x/68c094dd573e8a40,2025-02-27T15:07:50Z
JULIE CAMERONDOE At Western Union Acquires Stock Options Worth $17K,"A noteworthy insider acquisition was disclosed on February 26, as CAMERONDOE, Board Member at Western Union (NYSE:WU), reported the acquisition of stock options for 178,572 shares.
What Happened: A Form 4 filing from the U.S. Securities and Exchange Commissio…",Biztoc.com,https://biztoc.com/x/f69da5f59f974ba2,2025-02-27T15:07:47Z
Chief Legal Officer Of Valvoline Sold $224K In Stock,"Marie Julie ODaniel, Chief Legal Officer at Valvoline (NYSE:VVV), disclosed an insider sell on February 27, according to a recent SEC filing.
What Happened: A Form 4 filing with the U.S. Securities and Exchange Commission on Thursday outlined that ODaniel exe…",Biztoc.com,https://biztoc.com/x/348574ee530f176e,2025-02-27T15:07:47Z
Nvidia Stock Slips. CEO Predicts Exponential Growth For AI Processors,"Nvidia stock dipped Thursday after the artificial intelligence chipmaker delivered a modest beat-and-raise earnings report.
The post Nvidia Stock Slips. CEO Predicts Exponential Growth For AI Processors. appeared first on Investor's Business Daily.",Biztoc.com,https://biztoc.com/x/355c9a3800152a6d,2025-02-27T15:07:43Z
Witness A Substantial Acquisition As JEFFREY JOERRES Acquires Western Union Stock Options Worth $43K,"Disclosed in a recent SEC filing, JEFFREY JOERRES, Board Member at Western Union (NYSE:WU), made a strategic move by acquiring company stock options on February 26,.
What Happened: In a Form 4 filing with the U.S. Securities and Exchange Commission on Wednesd…",Biztoc.com,https://biztoc.com/x/1aca94381f0aa3cd,2025-02-27T15:07:42Z
BETSY HOLDEN Sees Potential Growth And Acquires Western Union Stock Options Worth $17K,"Disclosed in a recent SEC filing, BETSY HOLDEN, Director at Western Union (NYSE:WU), made a strategic move by acquiring company stock options on February 26,.
What Happened: Uncovered in a Form 4 filing on Wednesday with the U.S. Securities and Exchange Commi…",Biztoc.com,https://biztoc.com/x/1c3fab5bff968bc0,2025-02-27T15:07:40Z
ROOT Stock Rallied 586% in 2024. Earnings Prompt A Price Spike,"Root stock soars after insurer clears Q4 views, posts first annual profit. Shares are closing in on a buy point after a 586% rally in 2024.
The post ROOT Stock Rallied 586% in 2024. Earnings Prompt A Price Spike. appeared first on Investor's Business Daily.",Biztoc.com,https://biztoc.com/x/54dcd27bfec483d4,2025-02-27T15:07:40Z
MICHAEL MILES At Western Union Acquires Stock Options Worth $28K,"On February 26, MILES, Board Member at Western Union (NYSE:WU), executed a strategic insider move by acquiring stock options for 285,715 shares.
What Happened: Uncovered in a Form 4 filing on Wednesday with the U.S. Securities and Exchange Commission, MILES, …",Biztoc.com,https://biztoc.com/x/d22d2074e17d2491,2025-02-27T15:07:28Z
Issue of Equity,FORESIGHT TECHNOLOGY VCT PLC  LEI: 21380013CXOR8N6OD977  Issue of Equity - FWT Shares  The Board of Foresight Technology VCT plc (the “Company”) is...,GlobeNewswire,https://www.globenewswire.com/news-release/2025/02/27/3034001/0/en/Issue-of-Equity.html,2025-02-27T15:06:00Z
"Finnish leaders react to Trump tariff threat: ""A trade war makes no sense""",Foreign Minister Elina Valtonen (NCP) expressed the hope that Donald Trump will heed stock market reactions.,YLE News,https://yle.fi/a/74-20146472,2025-02-27T15:05:58Z
Super Mario Collection 40th Anniversary Book will get a reprint if Kickstarter succeeds,What a way to celebrate Mario Day!,GoNintendo,https://gonintendo.com/contents/45876-super-mario-collection-40th-anniversary-book-will-get-a-reprint-if-kickstarter,2025-02-27T15:04:00Z
This Vegan Guatita Recipe Is Your New Favorite Comfort Food,"Debut cookbook author Kiera Wright-Ruiz shares her vegan take on Ecuadorian guatita, replacing the tripe with maitake mushrooms in her recipe.",Eater,https://www.eater.com/24372877/vegan-guatita-recipe-my-half-latinx-kitchen,2025-02-27T15:00:00Z
Pope Francis clashed with cardinals over Vatican finances before hospitalization,"Just before his hospitalization, the pope formed a new Vatican financial group.",The Jerusalem Post,https://www.jpost.com/christianworld/article-844049,2025-02-27T14:58:21Z
First Listings of AMD Radeon RX 9070 Series-equipped Pre-built PCs Spotted; Starting at $1750,iBUYPOWER and AVGPC appear to be preparing PC pre-built systems featuring upcoming AMD Radeon RX 9070 XT and RX 9070 graphics cards; Newegg listings were detected by Everest/Olrak29 during yesterday evening's sleuthing session. System integrators have likely …,Techpowerup.com,https://www.techpowerup.com/333231/first-listings-of-amd-radeon-rx-9070-series-equipped-pre-built-pcs-spotted-starting-at-usd-1750,2025-02-27T14:56:24Z
"Nintendo Switch 2 Dock Renders Reportedly Leak, Showing Design From Different Angles","The Nintendo Switch 2 leaks refuse to die down even after the hybrid gaming console’s reveal last month. The device was subject to several leaks and rumours that shed light on its design and features ahead of the announcement from Nintendo. Now, new images ha…",Gadgets360.com,https://www.gadgets360.com/games/news/nintendo-switch-2-dock-renders-leak-design-different-angles-report-7809336,2025-02-27T14:52:37Z
"PSB stocks will attract investors, despite volatile markets","Investors eagerly eye public sector bank shares amidst government divestment plans and market volatility, anticipating strong growth potential.",BusinessLine,https://www.thehindubusinessline.com/companies/investors-eagerly-eye-public-sector-bank-shares-amidst-government-divestment-plans-and-market-volatility-anticipating-strong-growth-potential/article69271258.ece,2025-02-27T14:48:52Z
"PSB stocks will attract investors, despite volatile markets","Investors eagerly eye public sector bank shares amidst government divestment plans and market volatility, anticipating strong growth potential.",BusinessLine,https://www.thehindubusinessline.com/markets/investors-eagerly-eye-public-sector-bank-shares-amidst-government-divestment-plans-and-market-volatility-anticipating-strong-growth-potential/article69271258.ece,2025-02-27T14:48:52Z
Microsoft is pushing back against new AI chip restrictions,"Microsoft (MSFT) will publish a blog post today asking the Trump administration to loosen and simplify a planned new system that would limit the access of the latest American AI chips in most of the world, arguing the changes may push allies toward Chinese su…",Quartz India,https://qz.com/ai-chip-exports-microsoft-trump-deepseek-china-1851766744,2025-02-27T14:41:38Z
BBC Content Chief Runners & Riders: Who Will Claim The Most Powerful Creative Job In British TV?,Charlotte Moore’s decision to quit the BBC has opened up the most powerful creative job in British television — and within minutes speculation was rampant about who could succeed the outgoing content chief. Moore shocked the industry this morning by announcin…,Deadline,http://deadline.com/2025/02/bbc-content-chief-runners-riders-who-replaces-charlotte-moore-1236303490/,2025-02-27T14:41:36Z
2025 NFL mock draft: Abdul Carter goes No. 1 despite foot injury; Jayden Daniels gets new weapon in pass game,A handful of new faces join the first-round projection as the NFL combine is underway from Indianapolis,CBS Sports,https://www.cbssports.com/nfl/draft/news/2025-nfl-mock-draft-abdul-carter-goes-no-1-despite-foot-injury-jayden-daniels-gets-new-weapon-in-pass-game/,2025-02-27T14:39:28Z
"S&P 500, Nasdaq fall as Nvidia swings to red, economic data disappoints","The S&P 500 and Nasdaq fell after Nvidia shares declined, despite earlier gains. Economic data showing cooling suggests a stalling U.S. economy and rising jobless claims. Analysts foresee potential rate cuts by the Federal Reserve, while key sectors like tech…",The Times of India,https://economictimes.indiatimes.com/markets/stocks/news/us-stocks-open-higher-as-nvidias-forecast-calms-ai-demand-fears/articleshow/118607416.cms,2025-02-27T14:38:48Z
Enveric Biosciences CEO Issues Letter to Shareholders,"CAMBRIDGE, Mass. — Enveric Biosciences (NASDAQ: ENVB) (“Enveric” or the “Company”), a biotechnology company dedicated to the development of novel neuroplastogenic small-molecule therapeutics for the treatment of anxiety, depression, and addiction disorders, t…",Financial Post,https://financialpost.com/pmn/business-wire-news-releases-pmn/enveric-biosciences-ceo-issues-letter-to-shareholders,2025-02-27T14:38:22Z
Doctors advise Carter to not have foot surgery,"Doctors have advised Abdul Carter against having foot surgery, the former Penn State star's agent told ESPN.",ESPN,https://www.espn.com/nfl/story/_/id/44038713/abdul-carter-possible-no-1-nfl-draft-pick-advised-not-foot-surgery,2025-02-27T14:36:10Z
"RI Govt assures of fish stock availability for Ramadan, Eid",Minister of Marine Affairs and Fisheries Sakti Wahyu Trenggono has assured of fish stock availability to meet people&#39;s needs during Ramadan and Eid ...,Antaranews.com,https://en.antaranews.com/news/346585/ri-govt-assures-of-fish-stock-availability-for-ramadan-eid,2025-02-27T14:35:43Z
ResMed Inc. (NYSE:RMD) Holdings Boosted by First Horizon Advisors Inc.,"First Horizon Advisors Inc. grew its stake in shares of ResMed Inc. (NYSE:RMD – Free Report) by 285.1% in the 4th quarter, according to its most recent Form 13F filing with the Securities and Exchange Commission. The fund owned 593 shares of the medical equip…",ETF Daily News,https://www.etfdailynews.com/2025/02/27/resmed-inc-nysermd-holdings-boosted-by-first-horizon-advisors-inc/,2025-02-27T14:34:49Z
"Stock market today: Dow, S&P 500, Nasdaq diverge after Nvidia earnings, economic data","An upbeat tone is seeping into markets as investors dig into Nvidia's quarterly earnings beat, which signaled plenty of scope for growth.",Yahoo Entertainment,https://consent.yahoo.com/v2/collectConsent?sessionId=1_cc-session_3b9b0e5e-d0d1-48c3-9081-ab63383171e0,2025-02-27T14:31:02Z
"Delaware Supreme Court Overturns Tripadvisor Decision, Providing a Clearer Path for Reincorporation","In a much-anticipated decision, Maffei v. Palkon (“Tripadvisor”) (Feb.  4, 2025), the Delaware Supreme Court held that the Tripadvisor, Inc. board’s decision to reincorporate the company from Delaware to Nevada is subject to the deferential business judgment …",Harvard School of Engineering and Applied Sciences,https://corpgov.law.harvard.edu/2025/02/27/delaware-supreme-court-overturns-tripadvisor-decision-providing-a-clearer-path-for-reincorporation/,2025-02-27T14:30:21Z
Diana Shipping: Net profit of 12.7 million dollars in 2024,"Diana Shipping Inc., listed on the US stock exchange, reported significant profits and revenues on an annual basis as well as in the fourth quarter of 2024.
The company’s fleet…
Diana Shipping: Net profit of 12.7 million dollars in 2024 - Η ΝΑΥΤΕΜΠΟΡΙΚΗ",Naftemporiki.gr,https://www.naftemporiki.gr/english/1925769/diana-shipping-net-profit-of-12-7-million-dollars-in-2024/,2025-02-27T14:30:02Z
Key reforms and challenges by Buch as SEBI chief,"Madhabi Puri Buch’s tenure as SEBI chief marked by reforms, faster settlement cycles, and challenges in regulatory landscape",BusinessLine,https://www.thehindubusinessline.com/markets/madhabi-puri-buchs-tenure-as-sebi-chief-marked-by-reforms-faster-settlements-and-challenges-in-maintaining-impartiality/article69270976.ece,2025-02-27T14:27:25Z
UConn women's basketball buy or sell: Is Sarah Strong Freshman of the Year? Can Azzi Fudd keep momentum going?,The Huskies can claim the Big East regular-season title with a win Thursday vs. Creighton,CBS Sports,https://www.cbssports.com/womens-college-basketball/news/uconn-womens-basketball-buy-or-sell-is-sarah-strong-freshman-of-the-year-can-azzi-fudd-keep-momentum-going/,2025-02-27T14:25:01Z
"Trump plans tariffs on Mexico and Canada for March 4, while doubling existing 10% tariffs on China",China’s commerce minister says differences on international trade should be resolved through negotiations now that U.S. President Donald Trump has announced a doubling of the 10% universal tariff charged on imports from China.,WDIV ClickOnDetroit,https://www.clickondetroit.com/business/2025/02/27/trump-plans-tariffs-on-mexico-and-canada-for-march-4-while-doubling-existing-10-tariffs-on-china/,2025-02-27T14:23:04Z
Nvidia stock rises modestly as Wall Street applauds Blackwell AI sales but notes gross margin miss,"In This Article:
Nvidia (NVDA) stock rose as much as 3% premarket Thursday after the company's fourth quarter earnings topped Wall Street's expectations and showed the AI chipmaker has begun producing its Blackwell AI products at scale.
Nvidia's Blackwell AI …",Biztoc.com,https://biztoc.com/x/4ea6de65674e8e4e,2025-02-27T14:22:49Z
SK Telecom adds quantum to its AI mix with IonQ,SK Telecom (SKT) has long been engaged in quantum-safe networking development effortsIt has been the major shareholder in quantum-safe security solutions speci…,TelecomTV,https://www.telecomtv.com/content/security/sk-telecom-adds-quantum-to-its-ai-mix-with-ionq-52429/,2025-02-27T14:22:45Z
"The Company Chose Cost-Cutting Over Common Sense, So Now They’re Drowning In Manual Labor And Regret","When you erase your past, you erase your future too.",Twistedsifter.com,http://twistedsifter.com/2025/02/the-company-chose-cost-cutting-over-common-sense-so-now-theyre-drowning-in-manual-labor-and-regret/,2025-02-27T14:22:40Z
$1000 Invested In This Stock 10 Years Ago Would Be Worth This Much Today,"Taylor Morrison Home (NYSE:TMHC) has outperformed the market over the past 10 years by 1.52% on an annualized basis producing an average annual return of 12.48%. Currently, Taylor Morrison Home has a market capitalization of $6.37 billion. 
Buying $1000 In TM…",Biztoc.com,https://biztoc.com/x/1ae9045dd4cd56cb,2025-02-27T14:22:39Z
Is NVIDIA Stock Outperforming the S&P 500?,"Less than $10/month! View ALL results for your Stocks, ETFs and Funds Screeners with Barchart Plus.
FREE 30 Day Trial
- Market Pulse
- VolatilityVolume & Open InterestHorizontal StrategiesButterfly Strategies
-
- ResourcesEuropean FuturesEuropean Groupings
- …",Biztoc.com,https://biztoc.com/x/6302dcab65fbccf7,2025-02-27T14:22:36Z
Bath & Body Works' Stock Slips As Soft Outlook Overshadows Q4 Earnings Beat: Details,"Bath & Body Works Inc (NYSE:BBWI) shares are trading lower in premarket on Thursday after the fourth-quarter earnings.
The company reported a fourth-quarter sales decline of 4.3% year-on-year to $2.788 billion, beating the analyst consensus estimate of $2.777…",Biztoc.com,https://biztoc.com/x/df4251c9b66a2eaf,2025-02-27T14:22:29Z
The Specifics Matter,"Agency shakeups: In the first Cabinet meeting of the new administration, President Donald Trump announced that Environmental Protection Agency (EPA) head",Reason,https://reason.com/2025/02/27/the-specifics-matter/,2025-02-27T14:21:17Z
Rupee closes at 87.20 vs US dollar; likely RBI intervention helped contain losses,"The Indian rupee closed at 87.20/$1, recovering from an intraday low of 87.40/$1 due to RBI intervention. Asian currencies weakened as the U.S. dollar strengthened amid tariff uncertainties. Traders now await key U.S. economic data and Fed policy cues.",The Times of India,https://economictimes.indiatimes.com/markets/forex/rupee-closes-at-87-20-vs-us-dollar-likely-rbi-intervention-helped-contain-losses/articleshow/118607122.cms,2025-02-27T14:20:21Z
U.S. Passes on UN Ukraine Resolution amid the Humanitarian Crisis,"From late 2024 to early 2025, the humanitarian situation in Ukraine has taken a turn for the worst, with poverty, violence, displacement, and damage to critical infrastructures having grown in intensity. Following the 2022 invasion of Ukraine by Russia, tensi…",Inter Press Service,https://www.ipsnews.net/2025/02/u-s-passes-un-ukraine-resolution-amid-humanitarian-crisis/,2025-02-27T14:16:42Z
"Ads for Elon Musk’s ""Swasticar"" Go Viral as Tesla Crumbles","Hatred for Elon Musk seems to be everywhere one looks, from viral ads to Tesla's plummeting stock value. Across the pond in London Town, a group of anti-Musk crusaders operating under the handle ""Everyone Hates Elon"" have erected a bus stop ad that features t…",Futurism,https://futurism.com/tesla-stocks-elon-musk-swasticar,2025-02-27T14:15:50Z
35% Off + $30 Credit 23.5-lbs ORIJEN Grain Free Dry Dog Food on Amazon,Get this Stock Up Price! 35% Off + $30 Credit 23.5-lbs ORIJEN Grain Free Dry Dog Food on Amazon Pay $63.59 + Get a $30 Credit. This huge bag will be $33.59! Free Shipping with Prime or Orders over $25     For Even More Awesome Online Deals,Livingrichwithcoupons.com,https://www.livingrichwithcoupons.com/2025/02/35-off-30-credit-23-5-lbs-orijen-grain-free-dry-dog-food-on-amazon.html,2025-02-27T14:15:34Z
Dollar Spikes As Trump Clarifies He Is Not Backing Away From Tariff Plan,"Dollar Spikes As Trump Clarifies He Is Not Backing Away From Tariff Plan
 
Yesterday, during his first cabeinet meeting, President Trump discussed various aspects of his reciprocal/non-reciprocal tariff plans... prompting the stock market to decline and gener…",Biztoc.com,https://biztoc.com/x/6bbf2d07de90ecb6,2025-02-27T14:11:47Z
Here's How Much You Would Have Made Owning TJX Companies Stock In The Last 10 Years,"TJX Companies (NYSE:TJX) has outperformed the market over the past 10 years by 2.89% on an annualized basis producing an average annual return of 13.85%. Currently, TJX Companies has a market capitalization of $140.63 billion. 
Buying $100 In TJX: If ...
Full…",Biztoc.com,https://biztoc.com/x/4b1a942386fff582,2025-02-27T14:11:15Z
America First? Not when it comes to stock markets worldwide this year,"The US stock market has risen in 2025 and isn't far from its all-time high set last week. But it's climbed less than stock indexes in Mexico City, Paris and Hong Kong.",Biztoc.com,https://biztoc.com/x/322b84dd1ae56130,2025-02-27T14:11:09Z
"[WA ONLY] Tesla Model Y RWD (2024) Existing Inventory: $51,100 Delivered + On-Road Costs @Tesla","This looks like an inventory clearance price for Model Y MY2024 manufactured around August to September 2024.

It's $2,000 further cheaper than previous $53,300 inventory discount price from initial inventory sale https://www.ozbargain.com.au/node/888355.

St…",Ozbargain.com.au,https://www.ozbargain.com.au/node/895421,2025-02-27T14:10:26Z
Conservatives attack Mark Carney over his firm's relocation to the U.S.,"On Wednesday, the Conservative party accused Carney of lying to the media after Tuesday's Liberal leadership debate and of indirectly helping U.S. President Donald Trump in his quest to get firms to relocate to the U.S.",National Observer,https://www.nationalobserver.com/2025/02/27/news/conservatives-mark-carney-firm-brookfield-relocation-us,2025-02-27T14:10:22Z
"Nvidia, Salesforce, Warner Bros. Discovery, eBay: Stocks to watch today","Stock futures are in the green in the premarket Thursday morning, driven by Nvidia’s strong quarterly results that exceeded expectations. S&P 500 futures rose 0.3%, while Nasdaq 100 futures gained 0.6%. Dow Jones Industrial Average futures advanced 132 points…",Quartz India,https://qz.com/ebay-nvidia-salesforce-warner-bros-stocks-watch-today-1851766730,2025-02-27T14:06:14Z
Why Tesla's stock has given up nearly all of its Trump election gains,"CEO and Department of Government Efficiency (DOGE) head Elon Musk is asking government employees to submit what they have accomplished in the past week. Tesla investors would like to ask Musk the same question.
Tesla stock is down 28% year to date this year —…",Biztoc.com,https://biztoc.com/x/688083e9a5bebcfe,2025-02-27T14:00:32Z
Stock Up Price! 50% Off Panasonic CR2032 3.0 Volt Long Lasting Lithium Coin Cell Batteries (10 Pack) on Amazon,This is another great Limited Time Deal on Amazon! Hot price on a #1 Bestseller battery. This is the price to stock up on these! Get this Stock Up Price! 50% Off Panasonic CR2032 3.0 Volt Long Lasting Lithium Coin Cell Batteries (10 Pack) on Amazon LONG LASTI…,Livingrichwithcoupons.com,https://www.livingrichwithcoupons.com/2025/02/stock-up-price-50-off-panasonic-cr2032-3-0-volt-long-lasting-lithium-coin-cell-batteries-10-pack-on-amazon.html,2025-02-27T14:00:29Z
"Futures Jump As ""Good Enough"" Nvidia Results Reboot Rally","Futures Jump As ""Good Enough"" Nvidia Results Reboot Rally
 
US equity futures are higher post-NVDA, though the stock’s reaction was a bit muted with the stock rising ~2% pre-market, a far cry from the 10% swing that was priced in by straddles ahead of earning…",Biztoc.com,https://biztoc.com/x/2395fcc66d889763,2025-02-27T14:00:15Z
Early economic evaluation of chelation therapy in kidney transplant recipients with high-normal lead,"Background Kidney transplant recipients (KTR) with high-normal lead have a higher risk of graft failure (GF). Clinically, chelation therapy using meso-2,3-dimercaptosuccinic acid (DMSA) removes lead. Despite the proposal that chelation therapy can prevent GF …",Plos.org,https://journals.plos.org/plosone/article?id=10.1371/journal.pone.0319022,2025-02-27T14:00:00Z
Jambalaya,"Jambalaya is a dish originally from Louisiana and makes me think of New Orleans. It’s a Cajun recipe with roots from West Africa, Spain and France. It reminds me of risotto or paella and is made similarly. It also has a lot of the same flavors as gumbo. So, i…",A Beautiful Mess,https://abeautifulmess.com/jambalaya/,2025-02-27T14:00:00Z
"‘Housing crisis is as big a threat to the EU as Russia,’ Barcelona mayor says","""We’re running the risk of having the working and middle classes conclude that their democracies are incapable of solving their biggest problem.""",POLITICO.eu,https://www.politico.eu/article/housing-crisis-eu-as-russia-barcelona-mayor-jaume-collboni-says/,2025-02-27T14:00:00Z
Fun Trailer for 'Time Travel is Dangerous' British Indie Sci-Fi Mock Doc,"""I guess we were just messing about..."" Shakespeare Sisters & Candr Pictures revealed the full trailer for a UK indie sci-fi comedy titled Time Travel Is Dangerous, opening in UK art house theaters this March. This premiered at a few film festivals last year,…",First Showing,https://www.firstshowing.net/2025/fun-trailer-for-time-travel-is-dangerous-british-indie-sci-fi-mock-doc/,2025-02-27T13:58:39Z
Black consumers are boycotting Target and corporations retreating from DEI,A growing number of Black consumers are collectively boycotting Target and other retailers that have recently reversed DEI programs following backlash from President Donald Trump and his conservative allies.,CNN,https://www.cnn.com/2025/02/27/us/black-consumers-boycotts-dei-target/index.html,2025-02-27T13:57:28Z
Stripe's valuation climbs to $91.5 billion in secondary stock offer,Stripe announced a tender offer on Thursday that values the company at close to its peak valuation from 2021.,CNBC,https://www.cnbc.com/2025/02/27/stripes-valuation-climbs-to-91point5-billion-in-secondary-stock-sale-.html,2025-02-27T13:52:28Z
Stripe reaches $91.5B valuation,Financial services company Stripe Inc. announced on Thursday a secondary stock offer for current and former employees at a $91.5 billion valuation. The company said it will also repurchase some shares...,Biztoc.com,https://biztoc.com/x/7acbfd166b006772,2025-02-27T13:48:55Z
"Lichen China announces effective date of reverse stock split, name change","See the rest of the story here.

thefly.com provides the latest financial news as it breaks. Known as a leader in market intelligence, The Fly's real-time, streaming news feed keeps individual investors, professional money managers, active traders, and corpor…",Thefly.com,https://thefly.com/permalinks/entry.php/id4080031/LICN-Lichen-China-announces-effective-date-of-reverse-stock-split-name-change,2025-02-27T13:47:47Z
People are pumping the brakes on their expectations of economic growth,"The US economy is starting to look sluggish, and DOGE's government cuts could be speeding up its slowdown.",Business Insider,https://www.businessinsider.com/us-economy-slowing-signs-slowing-doge-sluggish-growth-2025-2,2025-02-27T13:46:54Z
Elon Musk’s net worth bleeds $83 billion in 2025. Is Tesla’s golden era crumbling?,"Elon Musk's net worth has dropped by $83 billion in 2025, falling to $349 billion as Tesla shares plunged 8%. Weighed down by weak European sales and investor concerns over Musk's political activities, Tesla's stock is down 27% year-to-date.",The Times of India,https://economictimes.indiatimes.com/markets/stocks/news/elon-musks-net-worth-bleeds-83-billion-in-2025-is-teslas-golden-era-crumbling/articleshow/118606672.cms,2025-02-27T13:45:24Z
Today Only! All Sleepwear 50% off at Old Navy,"Head to Old Navy, because they are having an amazing sale on PJ’s, so stock up! Today Only! All Sleepwear 50% off at Old Navy Women Men Boys Girls Check out some choices:   If you are buying online you can score free shipping when you spend $50 or more or sel…",Livingrichwithcoupons.com,https://www.livingrichwithcoupons.com/2025/02/today-only-all-sleepwear-50-off-at-old-navy.html,2025-02-27T13:45:19Z
"Cantor Fitzgerald Ireland fined €452,790 for failing to report suspicious transactions",The Central Bank said the firm failed to put effective arrangements in place to detect and report suspicious transactions.,TheJournal.ie,https://www.thejournal.ie/cantor-fitzgerald-fined-failing-report-suspicious-transactions-central-bank-6634880-Feb2025/,2025-02-27T13:44:10Z
Hong Kong stock exchange posts record profits after China stimulus,"Hong Kong stock exchange posts record profits after China stimulus
Subscribe to unlock this article
Limited time offer
Save 40% on Standard Digital
was $540now $319 for your first year
Make up your own mind. Build robust opinions on the FT's trusted journalis…",Biztoc.com,https://biztoc.com/x/ba675932bb5935a4,2025-02-27T13:38:16Z
